{
  "project_info": {
    "project_number": "903712836528",
    "firebase_url": "https://petessentials.firebaseio.com",
    "project_id": "petessentials",
    "storage_bucket": "petessentials.appspot.com"
  },
  "client": [
    {
      "client_info": {
        "mobilesdk_app_id": "1:903712836528:android:abd14e2b6fb2ed09",
        "android_client_info": {
          "package_name": "com.apc.mobprog.petessentials"
        }
      },
      "oauth_client": [
        {
          "client_id": "903712836528-a3qpoe3ocr059qtg30sif24n7mto8gd1.apps.googleusercontent.com",
          "client_type": 1,
          "android_info": {
            "package_name": "com.apc.mobprog.petessentials",
            "certificate_hash": "6972c38f6039c8e621f95023a4e01cfc413081f6"
          }
        },
        {
          "client_id": "903712836528-lee9b6213a6eikchb8bldh3an1rbv40p.apps.googleusercontent.com",
          "client_type": 3
        }
      ],
      "api_key": [
        {
          "current_key": "AIzaSyDGmKxDuUDE70SUek7NsufBlSxatLEHKno"
        }
      ],
      "services": {
        "analytics_service": {
          "status": 1
        },
        "appinvite_service": {
          "status": 2,
          "other_platform_oauth_client": [
            {
              "client_id": "903712836528-lee9b6213a6eikchb8bldh3an1rbv40p.apps.googleusercontent.com",
              "client_type": 3
            }
          ]
        },
        "ads_service": {
          "status": 2
        }
      }
    }
  ],
  "configuration_version": "1"
}